node_id,tier,body_id,nx,ny,nz,tbars,body_size,soma_side
0,T1_sensory,42786,53184.0,18989.0,11863.0,127,294780843,L
1,T1_sensory,39617,52480.0,17420.0,11194.0,159,220169628,L
2,T1_sensory,122868,48438.0,11904.0,13365.0,121,236207168,L
3,T1_sensory,81810,46796.0,13997.0,12741.0,17,219657944,R
4,T1_sensory,157362,43461.0,17440.0,12014.0,2,117184663,R
5,T1_sensory,543768,48578.0,18672.0,12205.0,108,261094789,L
6,T1_sensory,83277,53964.0,18010.0,11485.0,45,146422083,L
7,T1_sensory,158196,56090.0,17840.0,11932.0,89,158096525,L
8,T1_sensory,100918,49939.0,19085.0,12461.0,112,277710324,L
9,T1_sensory,146091,52764.0,19246.0,12084.0,1,96047478,L
10,T1_sensory,135290,44418.0,17982.0,12584.0,93,185777590,R
11,T1_sensory,129430,50961.0,18003.0,11479.0,165,234523412,L
12,T1_sensory,87162,47842.0,18819.0,12390.0,79,260288038,R
13,T1_sensory,126603,50456.0,16538.0,11554.0,2,141980699,L
14,T1_sensory,96571,53516.0,17766.0,10982.0,4,124304100,L
15,T1_sensory,139066,49042.0,18698.0,12454.0,36,139098201,L
16,T1_sensory,99755,48272.0,13544.0,13262.0,2,108987367,R
17,T1_sensory,204930,54198.0,16434.0,11561.0,77,240613073,L
18,T1_sensory,152326,54332.0,16930.0,11312.0,89,153001029,L
19,T1_sensory,535721,41692.0,17220.0,12214.0,2,109162032,R
20,T1_sensory,91391,52958.0,18268.0,11232.0,126,210063689,L
21,T1_sensory,167073,44052.0,18322.0,12646.0,3,79680204,R
22,T1_sensory,107765,48261.0,14630.0,12217.0,59,195797695,L
23,T1_sensory,103582,39949.0,27655.0,11782.0,4,122551929,R
24,T1_sensory,518162,48918.0,20698.0,13388.0,65,365725882,L
25,T1_sensory,164279,43674.0,18538.0,12736.0,56,111974046,R
26,T1_sensory,113001,45576.0,19196.0,12822.0,50,168642322,R
27,T1_sensory,101766,48182.0,13229.0,13648.0,16,151353186,R
28,T1_sensory,87970,50632.0,19370.0,11980.0,70,220098897,L
29,T1_sensory,147184,51407.0,18045.0,11587.0,1,119218212,L
30,T1_sensory,98265,52330.0,16786.0,11292.0,91,196765743,L
31,T1_sensory,154387,51494.0,17064.0,11394.0,31,139032010,L
32,T1_sensory,109222,50259.0,13851.0,12353.0,80,232515401,L
33,T1_sensory,55210,50776.0,17078.0,11516.0,92,214963002,L
34,T1_sensory,230802,53532.0,16706.0,11326.0,175,216897488,L
35,T1_sensory,169861,43138.0,34558.0,12632.0,1,118428441,R
36,T1_sensory,148507,48806.0,17200.0,12458.0,71,175408687,L
37,T1_sensory,144625,53860.0,18067.0,11016.0,1,117473625,L
38,T1_sensory,76362,51424.0,18232.0,11268.0,118,157979993,L
39,T1_sensory,58446,52676.0,18636.0,11380.0,13,209160226,L
40,T1_sensory,545447,58722.0,20292.0,11374.0,120,280498239,L
41,T1_sensory,155916,54914.0,16830.0,11638.0,62,151471565,L
42,T1_sensory,142898,41594.0,16634.0,11724.0,46,137629703,R
43,T1_sensory,28197,51128.0,17542.0,11480.0,1,121647383,L
44,T1_sensory,53285,52433.0,18148.0,11155.0,176,247328993,L
45,T1_sensory,130191,53649.0,19034.0,11890.0,1,155946726,L
46,T1_sensory,160405,56126.0,16990.0,11857.0,3,63406433,L
47,T1_sensory,556293,46038.0,12764.0,13196.0,7,375114737,R
48,T1_sensory,533294,54311.0,15832.0,11647.0,124,198865295,L
49,T1_sensory,514320,39114.0,30616.0,11430.0,9,1935159014,R
50,T2_mushroom_body,10836,49298.0,19220.0,35504.0,3086,5000951800,L
51,T2_mushroom_body,10345,60804.0,20464.0,36219.0,1978,2647293205,L
52,T2_mushroom_body,11959,22560.0,17228.0,27532.0,2571,2491128242,R
53,T2_mushroom_body,10378,32292.0,16735.0,34913.0,3292,5801749384,R
54,T2_mushroom_body,12248,32423.0,14820.0,34198.0,2467,2215622725,R
55,T2_mushroom_body,11915,53875.0,7411.0,28590.0,2923,2364361390,L
56,T2_mushroom_body,10185,50759.0,46313.0,23844.0,10745,8347035775,L
57,T2_mushroom_body,12092,35616.0,41514.0,30777.0,1664,2376539522,R
58,T2_mushroom_body,10612,26644.0,35416.0,25380.0,5237,5734080044,R
59,T2_mushroom_body,536048,54068.0,19967.0,24411.0,2879,16125504201,L
60,T2_mushroom_body,10314,50027.0,18436.0,36047.0,3985,7074417534,L
61,T2_mushroom_body,10564,69955.0,13710.0,33415.0,2576,3174177117,L
62,T2_mushroom_body,11303,62286.0,31366.0,35564.0,3328,3537956538,L
63,T2_mushroom_body,28181,34425.0,40086.0,30848.0,1178,3815315284,R
64,T2_mushroom_body,556064,43030.0,19310.0,37244.0,2496,2403570483,R
65,T2_mushroom_body,10807,28688.0,34616.0,26992.0,3256,4937708768,R
66,T2_mushroom_body,539413,23187.0,28186.0,22071.0,7431,9318606740,R
67,T2_mushroom_body,10753,64434.0,28998.0,34908.0,2275,3116768609,L
68,T2_mushroom_body,10776,48861.0,13842.0,30606.0,2549,3728944411,L
69,T2_mushroom_body,14182,33002.0,14091.0,34364.0,3174,3909445436,R
70,T2_mushroom_body,10046,48968.0,18150.0,35048.0,12587,12942673615,L
71,T2_mushroom_body,28364,32936.0,14640.0,33854.0,1363,1278874037,R
72,T2_mushroom_body,34529,41861.0,10464.0,32761.0,1110,1699610972,R
73,T2_mushroom_body,14688,67312.0,9929.0,31496.0,1641,1252470867,L
74,T2_mushroom_body,14207,34999.0,32051.0,36076.0,1914,3293114062,R
75,T2_mushroom_body,11336,49496.0,46203.0,28891.0,2056,2923979869,L
76,T2_mushroom_body,10018,62066.0,17846.0,34629.0,3352,5062468505,L
77,T2_mushroom_body,10551,69046.0,32984.0,25014.0,4685,5453744859,L
78,T2_mushroom_body,12058,44476.0,11412.0,31038.0,1514,2136434011,R
79,T2_mushroom_body,13065,50948.0,46616.0,33058.0,1144,1788010275,L
80,T2_mushroom_body,10680,51729.0,11549.0,29245.0,1771,3419826290,L
81,T2_mushroom_body,512580,42234.0,14292.0,32355.0,2312,2857543192,R
82,T2_mushroom_body,556286,57545.0,20656.0,37420.0,3272,19242557560,L
83,T2_mushroom_body,520410,70119.0,12128.0,32775.0,1806,1868648861,L
84,T2_mushroom_body,11678,56410.0,6770.0,30900.0,2564,2791766058,L
85,T2_mushroom_body,10885,52813.0,45894.0,34356.0,1037,3958558069,L
86,T2_mushroom_body,10063,34200.0,17553.0,36204.0,2489,13417637129,R
87,T2_mushroom_body,13227,48578.0,17800.0,33121.0,1084,1584007006,R
88,T2_mushroom_body,10324,44472.0,19435.0,35654.0,1682,2886182959,R
89,T2_mushroom_body,20652,51448.0,46510.0,31606.0,1716,3584908608,L
90,T2_mushroom_body,529127,63496.0,13272.0,34014.0,1666,1631372419,L
91,T2_mushroom_body,10299,38329.0,39307.0,22026.0,7468,9766128107,R
92,T2_mushroom_body,514764,42126.0,21060.0,35425.0,1406,3324804121,R
93,T2_mushroom_body,18617,65704.0,9193.0,31681.0,1490,1524876888,L
94,T2_mushroom_body,10353,29580.0,22155.0,35748.0,5488,6545037288,R
95,T2_mushroom_body,533946,63176.0,10154.0,32357.0,2331,2144819433,L
96,T2_mushroom_body,37952,54632.0,14045.0,33813.0,1403,1530064654,L
97,T2_mushroom_body,10224,73795.0,15785.0,22604.0,5601,7428055849,L
98,T2_mushroom_body,10518,27240.0,35174.0,26968.0,4884,6585502418,R
99,T2_mushroom_body,11657,57320.0,16915.0,37658.0,2157,3386875183,L
100,T2_mushroom_body,10388,48320.0,19547.0,36063.0,1970,6614403325,R
101,T2_mushroom_body,523062,28978.0,33046.0,26924.0,3129,5430921586,R
102,T2_mushroom_body,14629,26902.0,18912.0,32890.0,1989,11078875333,R
103,T2_mushroom_body,529517,70960.0,13713.0,33375.0,1180,1423164015,L
104,T2_mushroom_body,10986,35138.0,22133.0,37951.0,2026,3946167359,R
105,T2_mushroom_body,12257,55561.0,15450.0,36070.0,2090,2645953756,L
106,T2_mushroom_body,10669,42470.0,10053.0,31426.0,2164,3518821636,R
107,T2_mushroom_body,10588,30298.0,20573.0,36212.0,2718,5280179318,R
108,T2_mushroom_body,10709,34965.0,38752.0,32125.0,2395,4784358229,R
109,T2_mushroom_body,10617,48782.0,44004.0,38604.0,3296,5081624593,L
110,T2_mushroom_body,10663,33907.0,22154.0,37032.0,4174,4392104007,R
111,T2_mushroom_body,520792,52581.0,16898.0,31863.0,2346,2974241149,L
112,T2_mushroom_body,13449,46039.0,18119.0,35342.0,1951,2536244346,R
113,T2_mushroom_body,10594,62374.0,30644.0,36974.0,1924,3091745223,L
114,T2_mushroom_body,520020,60520.0,19677.0,35794.0,1623,2581937388,L
115,T2_mushroom_body,10120,49493.0,45645.0,33613.0,3155,4283405743,L
116,T2_mushroom_body,13215,34454.0,38978.0,32406.0,1182,1723088587,R
117,T2_mushroom_body,13946,50477.0,14295.0,32876.0,1095,1457682798,L
118,T2_mushroom_body,11017,32021.0,20282.0,35919.0,3605,5125779384,R
119,T2_mushroom_body,12423,31981.0,23045.0,36218.0,2397,2142869644,R
120,T2_mushroom_body,12205,28457.0,19923.0,36154.0,2391,2323329008,R
121,T2_mushroom_body,10050,68419.0,32316.0,28010.0,9556,15455144548,L
122,T2_mushroom_body,10648,64635.0,37691.0,23619.0,3597,5771260150,L
123,T2_mushroom_body,10127,56796.0,15001.0,37761.0,2383,3743441229,L
124,T2_mushroom_body,12856,29300.0,22400.0,34750.0,1669,1892887353,R
125,T2_mushroom_body,11271,59368.0,8233.0,31245.0,1734,1394793242,L
126,T2_mushroom_body,11629,34574.0,38838.0,33172.0,1254,2804260199,R
127,T2_mushroom_body,10693,31595.0,37129.0,27855.0,2951,4853528703,R
128,T2_mushroom_body,521987,36580.0,38616.0,33002.0,1223,1176459835,R
129,T2_mushroom_body,10301,61727.0,37551.0,32121.0,765,5601205198,L
130,T2_mushroom_body,11637,71728.0,16980.0,30816.0,2154,2435234434,L
131,T2_mushroom_body,11530,28271.0,18415.0,35231.0,1562,2963941485,R
132,T2_mushroom_body,12633,31832.0,14844.0,34370.0,1408,1543916995,R
133,T2_mushroom_body,11030,72106.0,17427.0,25763.0,3335,3479199652,L
134,T2_mushroom_body,10616,47911.0,15504.0,33737.0,3051,5053489436,R
135,T2_mushroom_body,10053,31534.0,23804.0,38105.0,5124,8082613617,R
136,T2_mushroom_body,10476,25118.0,19012.0,28662.0,3129,5959834297,R
137,T2_mushroom_body,11806,63626.0,32082.0,33041.0,1686,2954523543,L
138,T2_mushroom_body,519773,47390.0,48057.0,31015.0,1722,2731195688,R
139,T2_mushroom_body,10974,34994.0,31775.0,37338.0,2931,4016691816,R
140,T2_mushroom_body,12128,49048.0,46364.0,32740.0,1805,2329325226,L
141,T2_mushroom_body,11186,55308.0,19818.0,34189.0,1168,2283483815,L
142,T2_mushroom_body,10531,25743.0,35065.0,25117.0,5572,6030360856,R
143,T2_mushroom_body,10258,23904.0,15573.0,32477.0,1822,1571946679,R
144,T2_mushroom_body,10458,49198.0,20127.0,36112.0,1975,6065247665,L
145,T2_mushroom_body,13924,34871.0,22891.0,35720.0,2403,2070611549,R
146,T2_mushroom_body,521358,56048.0,16920.0,34748.0,2220,2552799497,L
147,T2_mushroom_body,10069,37934.0,28418.0,25192.0,9619,10775374005,R
148,T2_mushroom_body,10995,37723.0,24091.0,37716.0,2365,3263196656,R
149,T2_mushroom_body,10308,26992.0,30124.0,42961.0,5676,7458254990,R
150,T2_mushroom_body,10421,73222.0,12964.0,23660.0,5636,5398513319,L
151,T2_mushroom_body,10356,65430.0,10900.0,32278.0,2180,2171020608,L
152,T2_mushroom_body,13377,50234.0,47830.0,33303.0,1073,1697044604,L
153,T2_mushroom_body,12396,30113.0,23294.0,36089.0,2282,2123026177,R
154,T2_mushroom_body,10420,50405.0,42194.0,37579.0,4197,5242397741,L
155,T2_mushroom_body,12194,45014.0,18772.0,35446.0,1775,2285677264,R
156,T2_mushroom_body,10902,30636.0,23960.0,35830.0,3212,3063626952,R
157,T2_mushroom_body,10549,50418.0,46416.0,34412.0,1681,3274587940,L
158,T2_mushroom_body,10645,52587.0,14061.0,33033.0,1695,1822296667,L
159,T2_mushroom_body,11282,37802.0,39727.0,35294.0,1790,2227125809,R
160,T2_mushroom_body,10510,49550.0,42484.0,38850.0,3346,5283050649,L
161,T2_mushroom_body,10928,42462.0,23244.0,38680.0,2579,3203323606,R
162,T2_mushroom_body,11245,54067.0,21143.0,36328.0,1696,2916677839,L
163,T2_mushroom_body,13586,57324.0,17260.0,34292.0,1378,1585408795,L
164,T2_mushroom_body,11343,41922.0,20237.0,33729.0,1602,1527930477,R
165,T2_mushroom_body,11474,85298.0,15929.0,32636.0,1284,2080855782,L
166,T2_mushroom_body,11665,28734.0,35618.0,28958.0,2476,2797126371,R
167,T2_mushroom_body,10205,48771.0,41920.0,37792.0,3198,7361044505,M
168,T2_mushroom_body,10143,78113.0,38696.0,36181.0,976,10269458423,L
169,T2_mushroom_body,12697,50092.0,15302.0,34066.0,1394,1982379015,L
170,T2_mushroom_body,531985,41815.0,12009.0,29941.0,2834,6144009996,R
171,T2_mushroom_body,10085,64900.0,24869.0,37642.0,9161,11921659126,L
172,T2_mushroom_body,10216,35903.0,37948.0,32201.0,726,7128478833,R
173,T2_mushroom_body,10283,34618.0,24870.0,36898.0,1504,6030359805,R
174,T2_mushroom_body,10466,61194.0,32920.0,36720.0,2908,3758806828,L
175,T2_mushroom_body,10898,45158.0,13164.0,29530.0,3360,4155489362,R
176,T2_mushroom_body,54716,65815.0,10302.0,31745.0,1403,1694017923,L
177,T2_mushroom_body,519940,46534.0,46316.0,35241.0,2212,1929992734,R
178,T2_mushroom_body,10802,69340.0,20044.0,31329.0,1250,2621332432,L
179,T2_mushroom_body,13141,35566.0,37869.0,32947.0,1178,1754468728,R
180,T2_mushroom_body,10893,29152.0,32164.0,42673.0,5875,4516207154,R
181,T2_mushroom_body,10688,36350.0,39478.0,30896.0,1447,2380645772,R
182,T2_mushroom_body,10323,35409.0,39398.0,22279.0,5090,5985351904,R
183,T2_mushroom_body,10305,59424.0,24438.0,36878.0,3161,4092229349,L
184,T2_mushroom_body,35930,61246.0,36260.0,34362.0,1471,1968198122,L
185,T2_mushroom_body,12093,46240.0,47961.0,32754.0,2043,2355002234,R
186,T2_mushroom_body,10809,48710.0,17410.0,35262.0,3599,4427604519,L
187,T2_mushroom_body,10641,58574.0,7906.0,30746.0,3389,4352757415,L
188,T2_mushroom_body,521026,46890.0,16356.0,35054.0,2127,2019308428,R
189,T2_mushroom_body,10443,50025.0,17640.0,32908.0,2939,5356392788,L
190,T2_mushroom_body,10078,12033.0,29915.0,28821.0,6654,12079424640,R
191,T2_mushroom_body,10943,30292.0,21417.0,36239.0,2616,4079712410,R
192,T2_mushroom_body,11580,70870.0,16656.0,31160.0,2850,2332944255,L
193,T2_mushroom_body,10831,47150.0,46260.0,33973.0,3096,3362668485,R
194,T2_mushroom_body,10282,71596.0,34117.0,23609.0,3541,4963698537,L
195,T2_mushroom_body,10400,71809.0,17466.0,30179.0,2989,6566597361,L
196,T2_mushroom_body,11718,39012.0,20465.0,36087.0,2087,2418268157,R
197,T2_mushroom_body,10676,62809.0,39945.0,32452.0,938,3968836324,L
198,T2_mushroom_body,11041,66070.0,37259.0,39388.0,5808,7778272885,L
199,T2_mushroom_body,187792,33211.0,30127.0,37279.0,20330,15362097044,R
200,T2_mushroom_body,531862,59649.0,20117.0,36474.0,1669,3168641779,L
201,T2_mushroom_body,12880,47700.0,17419.0,34323.0,1364,1860838863,R
202,T2_mushroom_body,10507,49542.0,47250.0,30646.0,1502,5191435301,L
203,T2_mushroom_body,11856,48116.0,47001.0,33827.0,1521,2187513718,R
204,T2_mushroom_body,10917,24043.0,22667.0,23920.0,3500,4153788480,R
205,T2_mushroom_body,11689,33664.0,32698.0,38451.0,3272,2956435017,R
206,T2_mushroom_body,10540,23999.0,23161.0,26698.0,6641,10098822637,R
207,T2_mushroom_body,511869,37404.0,24404.0,36744.0,2168,2373658469,R
208,T2_mushroom_body,11734,53106.0,15949.0,32882.0,2484,3525133927,L
209,T2_mushroom_body,10638,45673.0,43317.0,37727.0,4083,5125198296,R
210,T2_mushroom_body,11590,63624.0,21632.0,33356.0,1245,2257049419,L
211,T2_mushroom_body,532198,48556.0,43018.0,37620.0,2739,6376394495,M
212,T2_mushroom_body,10041,50259.0,48210.0,25728.0,7607,7154631955,L
213,T2_mushroom_body,18264,54892.0,19618.0,33614.0,1483,1532433653,L
214,T2_mushroom_body,11643,62570.0,39262.0,33396.0,1282,2820391058,L
215,T2_mushroom_body,525452,65634.0,20290.0,35415.0,2639,5493808917,L
216,T2_mushroom_body,524091,68604.0,17866.0,34292.0,1650,3006217703,L
217,T2_mushroom_body,12253,73406.0,22654.0,25294.0,3872,3267334335,L
218,T2_mushroom_body,12094,26530.0,19560.0,31526.0,1315,2344029596,R
219,T2_mushroom_body,10407,61758.0,38174.0,33660.0,1424,2038258549,L
220,T2_mushroom_body,10750,45786.0,16190.0,35170.0,2143,2950623292,R
221,T2_mushroom_body,12505,23248.0,12874.0,30296.0,2395,2178309959,R
222,T2_mushroom_body,12084,33107.0,10122.0,31651.0,1272,2426908010,R
223,T2_mushroom_body,10734,62488.0,37648.0,30332.0,1549,4687677671,L
224,T2_mushroom_body,10908,50774.0,12500.0,29500.0,3048,3926626226,L
225,T2_mushroom_body,10082,24458.0,16362.0,26129.0,5227,8543794949,R
226,T2_mushroom_body,514324,69634.0,15506.0,32692.0,1452,1107730212,L
227,T2_mushroom_body,11260,49008.0,16902.0,34464.0,3982,5467226436,L
228,T2_mushroom_body,10719,23053.0,14740.0,25821.0,4857,5703426964,R
229,T2_mushroom_body,11658,73560.0,14872.0,30902.0,2157,2803706220,L
230,T2_mushroom_body,10436,28253.0,29453.0,42004.0,5089,6961017642,R
231,T2_mushroom_body,520122,50650.0,46756.0,30992.0,2363,1799763885,L
232,T2_mushroom_body,515811,42576.0,13551.0,31979.0,1489,1221102285,R
233,T2_mushroom_body,13428,33889.0,15064.0,33926.0,1230,2125404459,R
234,T2_mushroom_body,10329,36312.0,19484.0,36124.0,1784,3225953923,R
235,T2_mushroom_body,513565,35568.0,40600.0,31662.0,1445,2924932672,R
236,T2_mushroom_body,10117,36822.0,21228.0,35442.0,1023,9645922198,R
237,T2_mushroom_body,12151,48922.0,43966.0,36072.0,1786,2856318663,M
238,T2_mushroom_body,41086,63605.0,12071.0,33628.0,1454,1692934257,L
239,T2_mushroom_body,12706,53868.0,11196.0,29595.0,2590,2793702045,L
240,T2_mushroom_body,14350,63645.0,16008.0,34255.0,1640,1289208652,L
241,T2_mushroom_body,83661,48189.0,47477.0,32977.0,1013,1840756009,R
242,T2_mushroom_body,520034,71051.0,14197.0,23483.0,6019,5575444137,L
243,T2_mushroom_body,12283,65592.0,22874.0,35240.0,2472,2170359957,L
244,T2_mushroom_body,12055,55766.0,19356.0,36244.0,2088,2408221921,L
245,T2_mushroom_body,10532,50371.0,15808.0,32848.0,1407,2955155715,L
246,T2_mushroom_body,13232,49881.0,46262.0,33656.0,1259,1783130984,L
247,T2_mushroom_body,11339,50922.0,10984.0,29558.0,2200,3017213452,L
248,T2_mushroom_body,11330,61102.0,27070.0,37110.0,2174,2349115231,L
249,T2_mushroom_body,20418,45900.0,8479.0,26583.0,3908,5985051934,R
250,T3_neurosecretory,13303,48894.0,47703.0,25936.0,728,1430771906,L
251,T3_neurosecretory,11211,45404.0,48928.0,28412.0,1064,2286457771,R
252,T3_neurosecretory,13445,49181.0,47922.0,34032.0,816,1562994353,L
253,T3_neurosecretory,12170,48066.0,48255.0,33992.0,547,1341843515,R
254,T3_neurosecretory,10336,48664.0,47520.0,31421.0,763,3068830720,R
255,T3_neurosecretory,11930,49082.0,48087.0,25045.0,1526,2339107253,L
256,T3_neurosecretory,12378,47162.0,48626.0,33550.0,348,2172550087,R
257,T3_neurosecretory,14012,48144.0,47577.0,32097.0,623,1330140540,R
258,T3_neurosecretory,63880,49406.0,48946.0,26540.0,1725,2455031637,L
259,T3_neurosecretory,10643,48438.0,49254.0,27228.0,1051,3545341525,R
260,T3_neurosecretory,10806,45762.0,48922.0,26972.0,3008,4426730961,R
261,T3_neurosecretory,11164,46798.0,48212.0,31737.0,1803,3571290651,R
262,T3_neurosecretory,15195,47147.0,48336.0,32206.0,654,1137006700,R
263,T3_neurosecretory,520862,47726.0,48354.0,33090.0,1360,1797741207,R
264,T3_neurosecretory,11653,47602.0,46998.0,31012.0,1320,2809357158,R
265,T3_neurosecretory,10131,46561.0,48451.0,25687.0,2228,8407403671,R
266,T3_neurosecretory,524847,48140.0,49112.0,26556.0,146,298386928,R
267,T3_neurosecretory,12794,47892.0,47405.0,28408.0,729,1885244109,R
268,T3_neurosecretory,11125,48058.0,48326.0,25614.0,2085,2670329490,R
269,T3_neurosecretory,11025,48326.0,47866.0,25182.0,1998,2295278450,L
270,T4_immune,33139,22534.0,33580.0,43556.0,172,359286876,R
271,T4_immune,41996,24688.0,32790.0,43724.0,128,284064887,R
272,T4_immune,35191,18817.0,36039.0,43633.0,282,341548065,R
273,T4_immune,36348,48918.0,43152.0,53360.0,1,327522842,L
274,T4_immune,39282,23861.0,31577.0,43646.0,196,303498572,R
275,T4_immune,57969,22804.0,37070.0,43690.0,169,303363053,R
276,T4_immune,42642,25167.0,31828.0,43865.0,154,280020685,R
277,T4_immune,14110,48679.0,38639.0,41824.0,712,1412730427,M
278,T4_immune,49006,53992.0,40470.0,56018.0,6,244718461,L
279,T4_immune,27142,18754.0,36272.0,43260.0,290,455293156,R
280,T4_immune,44265,26752.0,35358.0,43730.0,228,272536263,R
281,T4_immune,10034,70147.0,31256.0,39682.0,583,17537105174,L
282,T4_immune,46115,24582.0,37971.0,43828.0,223,260558727,R
283,T4_immune,13069,48064.0,38840.0,42109.0,1022,1933721524,M
284,T4_immune,47183,26805.0,32270.0,44007.0,158,253670227,R
285,T4_immune,29894,21156.0,36568.0,43290.0,277,402167639,R
286,T4_immune,51180,22252.0,33905.0,43854.0,171,235028268,R
287,T4_immune,37962,21320.0,36602.0,43664.0,203,314094649,R
288,T4_immune,23980,28053.0,36495.0,42889.0,559,535679016,R
289,T4_immune,38704,20076.0,33258.0,43743.0,261,307944862,R
290,T4_immune,10419,69809.0,34598.0,39220.0,775,16900431178,L
291,T4_immune,34541,23132.0,35384.0,43490.0,273,446432769,R
292,T4_immune,48474,23986.0,38614.0,43515.0,256,318941865,R
293,T4_immune,39356,26262.0,32430.0,43592.0,233,302784340,R
294,T4_immune,30797,16612.0,34740.0,43650.0,307,388433083,R
295,T4_immune,73380,51136.0,37306.0,45854.0,61,164577942,L
296,T4_immune,53359,19571.0,34950.0,43816.0,242,233569780,R
297,T4_immune,57270,21979.0,33594.0,43972.0,165,210730632,R
298,T4_immune,43640,24434.0,36927.0,43828.0,296,280935540,R
299,T4_immune,47500,27214.0,32331.0,43900.0,134,252400166,R
300,T4_immune,11709,70431.0,28157.0,42325.0,2383,3818762061,L
301,T4_immune,27042,16898.0,36778.0,43222.0,364,453610074,R
302,T4_immune,10447,47540.0,38029.0,41426.0,1930,3487182625,M
303,T4_immune,12526,48942.0,40718.0,43610.0,1246,2075606777,L
304,T4_immune,36749,22702.0,31034.0,43604.0,211,324329682,R
305,T4_immune,44927,26279.0,32266.0,44120.0,181,266116699,R
306,T4_immune,50158,49556.0,42722.0,53888.0,0,239431717,L
307,T4_immune,29953,22246.0,37074.0,43582.0,324,438319991,R
308,T4_immune,14416,25805.0,27300.0,43272.0,171,1330539766,R
309,T4_immune,20939,27692.0,33604.0,42992.0,527,731478059,R
310,T4_immune,28118,21154.0,37248.0,43610.0,288,431904278,R
311,T4_immune,26508,17286.0,37358.0,43616.0,351,464018876,R
312,T4_immune,32882,20386.0,38350.0,43326.0,211,367193579,R
313,T4_immune,522954,68576.0,31036.0,42562.0,440,1415721755,L
314,T4_immune,529569,48750.0,44740.0,41368.0,1108,1871775154,L
315,T4_immune,12852,49126.0,38319.0,41694.0,1026,1892436356,M
316,T4_immune,26018,49900.0,39344.0,43010.0,343,474853445,M
317,T4_immune,33280,19598.0,36730.0,43414.0,253,361399667,R
318,T4_immune,39985,21094.0,35103.0,43845.0,309,317512155,R
319,T4_immune,38798,21611.0,38064.0,43622.0,218,307351653,R
320,T4_immune,28497,18662.0,35386.0,43338.0,268,424963002,R
321,T4_immune,31085,22322.0,28266.0,43556.0,241,386594098,R
322,T4_immune,20218,28330.0,33138.0,42416.0,517,702317162,R
323,T4_immune,25222,19685.0,29901.0,43517.0,367,501991984,R
324,T4_immune,31951,24572.0,38532.0,43284.0,219,373430972,R
325,T4_immune,36458,17520.0,35592.0,43456.0,214,331501775,R
326,T4_immune,27633,24030.0,31963.0,43611.0,248,441372608,R
327,T4_immune,36089,26221.0,36586.0,43936.0,269,329583767,R
328,T4_immune,35465,25342.0,35480.0,43688.0,123,338378414,R
329,T4_immune,545123,71685.0,28825.0,43012.0,952,4504180088,L
330,T4_immune,30922,25740.0,39231.0,43330.0,257,386556986,R
331,T4_immune,522952,69739.0,29800.0,42984.0,440,977793082,L
332,T4_immune,10503,24633.0,30724.0,43682.0,8991,7560941509,R
333,T4_immune,33815,17992.0,36265.0,43541.0,256,351773460,R
334,T4_immune,31680,22818.0,34540.0,43454.0,311,376649480,R
335,T4_immune,11249,48903.0,37966.0,40832.0,2908,3407603712,M
336,T4_immune,13310,71372.0,29212.0,42408.0,2004,3421407772,L
337,T4_immune,38681,26116.0,38622.0,43635.0,144,308348019,R
338,T4_immune,21871,27536.0,33608.0,43666.0,450,601101888,R
339,T4_immune,33623,25949.0,36668.0,43560.0,227,354011669,R
340,T4_immune,36220,26471.0,32576.0,43944.0,165,328770455,R
341,T4_immune,28081,23266.0,30652.0,43478.0,268,432496206,R
342,T4_immune,39804,17136.0,34011.0,43597.0,192,321533679,R
343,T4_immune,41014,20292.0,34406.0,43726.0,234,298743861,R
344,T4_immune,12188,48717.0,44278.0,41085.0,844,2288216230,R
345,T4_immune,29835,21160.0,32768.0,43146.0,306,404501156,R
346,T4_immune,27928,19690.0,36460.0,43700.0,288,441380872,R
347,T4_immune,27807,26368.0,35945.0,43488.0,500,437744233,R
348,T4_immune,15348,27164.0,31704.0,42768.0,422,1136840529,R
349,T4_immune,43225,24398.0,36616.0,43494.0,325,287127730,R
350,T4_immune,29508,22998.0,39026.0,43382.0,315,408981699,R
351,T4_immune,42434,23200.0,32028.0,43854.0,255,284877147,R
352,T4_immune,10403,26398.0,28341.0,43185.0,467,6481802211,R
353,T4_immune,41209,24471.0,33244.0,43994.0,195,290502785,R
354,T4_immune,33862,22851.0,33392.0,43946.0,311,351428253,R
355,T4_immune,35484,23545.0,30792.0,43837.0,241,335226713,R
356,T4_immune,21572,69748.0,30369.0,43076.0,276,630187216,L
357,T4_immune,27556,19840.0,35250.0,43629.0,346,484260550,R
358,T4_immune,11134,25202.0,28480.0,43526.0,983,4191593543,R
359,T4_immune,10452,72710.0,30146.0,42807.0,6662,6829114234,L
360,T4_immune,41741,21214.0,34310.0,43806.0,200,285600696,R
361,T4_immune,35684,26935.0,36219.0,43874.0,258,333256759,R
362,T4_immune,18807,69928.0,31019.0,43225.0,365,765333778,L
363,T4_immune,47541,26276.0,35516.0,43622.0,213,313073525,R
364,T4_immune,10766,27347.0,26367.0,42048.0,409,4560552159,R
365,T4_immune,10037,20808.0,28346.0,42030.0,876,17167067863,R
366,T4_immune,45003,24923.0,31501.0,43966.0,157,266101788,R
367,T4_immune,35242,23468.0,36430.0,43704.0,231,337450081,R
368,T4_immune,34954,19588.0,30360.0,43410.0,239,340593706,R
369,T4_immune,10847,31581.0,22508.0,35860.0,6098,5603811859,R
